ClientInternal,Name,Currency,Coupon,Maturity,Sector,Country,Isin,IssuerName,CouponFrequency,DayCountConvention,CreditRating,Cusip,Sedol,Figi,Seniority,GovernmentBondType,CouponClass,RedemptionMethod,IsCallable,IsPuttable,IsConvertible,CollateralType,GuarantorType,ESGLabel,UseOfProceeds,IssuerCountry,CountryOfRisk,Region,InstrumentClassification,CFICode,AssetClass,InstrumentType,ListingStatus,SettlementCycle,TradingCurrency,SettlementCurrency,LegalEntityIdentifier,AccrualConvention,PaymentCalendar,OriginalIssueDate,OriginalIssuePrice,MinimumDenomination,MinimumIncrement,AmountOutstanding,PriceSource,CouponRate,MaturityDate,StartDate,PaymentFrequency,RollConvention,ResetDays
IBOR-GAGG-001,FHLMC 30YR UMBS SUPER,USD,0.02,01/Jul/2051,Agency Fixed Rate,United States,Un9640122214,FHLMC 30YR UMBS SUPER,6M,Act360,AAA,,,BBG9796F916C,Senior Unsecured,Treasury/Sovereign,Fixed,Bullet,No,No,No,Full Faith and Credit,Sovereign,None,Social Projects,US,US,North America,Bond / Treasury/Sovereign / USD,DBFNFR,Fixed Income,SimpleInstrument,Active,T+1,USD,USD,9796F916C5C3DA4BD448,Actual360,USNY,,,1000,1000,45000000000,ICE,0.02,2051-07-01,2046-07-01,6M,1,0
IBOR-GAGG-002,CHINA PEOPLES REPUBLIC OF (GOVERNM,CNY,0.0161,15/Feb/2035,Treasuries,China,Ch8620373742,CHINA PEOPLES REPUBLIC OF,6M,Act360,AA+,,,BBGE00532C23,Senior Unsecured,Treasury/Sovereign,Fixed,Bullet,No,No,No,Full Faith and Credit,Sovereign,Green,General Purpose,CN,CN,Asia Pacific,Bond / Treasury/Sovereign / CNY,DBFNFR,Fixed Income,SimpleInstrument,Active,T+2,CNY,CNY,E00532C236A2E3B75E57,Actual360,CNSH,,,1000,1000,15000000000,ICE,0.0161,2035-02-15,2030-02-15,6M,1,0
IBOR-GAGG-003,FNMA 30YR UMBS SUPER,USD,0.02,01/Apr/2052,Agency Fixed Rate,United States,Un3988634912,FNMA 30YR UMBS SUPER,6M,Act360,AA,,,BBG5687979C3,Senior Unsecured,Treasury/Sovereign,Fixed,Bullet,No,No,No,Full Faith and Credit,Sovereign,None,Social Projects,US,US,North America,Bond / Treasury/Sovereign / USD,DBFNFR,Fixed Income,SimpleInstrument,Active,T+1,USD,USD,5687979C39443A142D51,Actual360,USNY,,,1000,1000,36000000000,Bloomberg,0.02,2052-04-01,2047-04-01,6M,1,0
IBOR-GAGG-004,TREASURY NOTE,USD,0.0375,15/Apr/2028,Treasuries,United States,Un9971684991,TREASURY NOTE,6M,Act360,AA-,,,BBGDCD63BF33,Senior Unsecured,Treasury/Sovereign,Fixed,Bullet,No,No,No,Full Faith and Credit,Sovereign,None,Green Projects,US,US,North America,Bond / Treasury/Sovereign / USD,DBFNFR,Fixed Income,SimpleInstrument,Active,T+1,USD,USD,DCD63BF330CC33A26B49,Actual360,USNY,,,1000,1000,20000000000,Bloomberg,0.0375,2028-04-15,2023-04-15,6M,1,0
IBOR-GAGG-005,CHINA DEVELOPMENT BANK,CNY,0.0282,22/May/2033,Owned No Guarantee,China,Ch5792333243,CHINA DEVELOPMENT BANK,6M,Act360,A+,,,BBG3566277C3,Senior Unsecured,Treasury/Sovereign,Fixed,Bullet,No,No,No,Full Faith and Credit,Sovereign,Green,Social Projects,CN,CN,Asia Pacific,Bond / Treasury/Sovereign / CNY,DBFNFR,Fixed Income,SimpleInstrument,Active,T+2,CNY,CNY,3566277C34A6FD215520,Actual360,CNSH,,,1000,1000,10000000000,ICE,0.0282,2033-05-22,2028-05-22,6M,1,0
IBOR-GAGG-006,GNMA2 30YR 2021 PRODUCTION,USD,0.025,20/Aug/2051,Agency Fixed Rate,United States,Un8012527497,GNMA2 30YR 2021 PRODUCTION,6M,Act360,A,,,BBG154BAD74B,Senior Unsecured,Treasury/Sovereign,Fixed,Bullet,No,No,No,Full Faith and Credit,Sovereign,Sustainability,General Purpose,US,US,North America,Bond / Treasury/Sovereign / USD,DBFNFR,Fixed Income,SimpleInstrument,Active,T+1,USD,USD,154BAD74B162F8C4FB78,Actual360,USNY,,,1000,1000,13000000000,Bloomberg,0.025,2051-08-20,2046-08-20,6M,1,0
IBOR-GAGG-007,FHLMC 30YR UMBS RVS REMIC SUPER,USD,0.025,01/Jul/2051,Agency Fixed Rate,United States,Un9304553037,FHLMC 30YR UMBS RVS REMIC SUPE,6M,Act360,BBB+,,,BBG1019CDFC1,Senior Unsecured,Treasury/Sovereign,Fixed,Bullet,No,No,No,Full Faith and Credit,Sovereign,Sustainability,Social Projects,US,US,North America,Bond / Treasury/Sovereign / USD,DBFNFR,Fixed Income,SimpleInstrument,Active,T+1,USD,USD,1019CDFC148522272531,Actual360,USNY,,,1000,1000,21000000000,ICE,0.025,2051-07-01,2046-07-01,6M,1,0
IBOR-GAGG-008,TREASURY NOTE (OLD),USD,0.0388,31/Mar/2031,Treasuries,United States,Un9813116522,TREASURY NOTE,6M,Act360,BBB,,,BBG073F6B087,Senior Unsecured,Treasury/Sovereign,Fixed,Bullet,No,No,No,Full Faith and Credit,Sovereign,Sustainability,General Purpose,US,US,North America,Bond / Treasury/Sovereign / USD,DBFNFR,Fixed Income,SimpleInstrument,Active,T+1,USD,USD,073F6B087B45E8A42179,Actual360,USNY,,,1000,1000,49000000000,Bloomberg,0.0388,2031-03-31,2026-03-31,6M,1,0
IBOR-GAGG-009,UMBS 15YR TBA(REG B),USD,0.02,18/May/2026,Agency Fixed Rate,United States,Un3240117956,UMBS 15YR TBA,6M,Act360,AAA,,,BBG5A97E25B6,Senior Unsecured,Treasury/Sovereign,Fixed,Bullet,No,No,No,Full Faith and Credit,Sovereign,Social,Green Projects,US,US,North America,Bond / Treasury/Sovereign / USD,DBFNFR,Fixed Income,SimpleInstrument,Active,T+1,USD,USD,5A97E25B6B0867DDBB95,Actual360,USNY,,,1000,1000,46000000000,Refinitiv,0.02,2026-05-18,2021-05-18,6M,1,0
IBOR-GAGG-010,TREASURY NOTE (2OLD),USD,0.0425,15/Aug/2035,Treasuries,United States,Un5030893052,TREASURY NOTE,6M,Act360,AA+,,,BBGDDD368788,Senior Unsecured,Treasury/Sovereign,Fixed,Bullet,No,No,No,Full Faith and Credit,Sovereign,Sustainability,Social Projects,US,US,North America,Bond / Treasury/Sovereign / USD,DBFNFR,Fixed Income,SimpleInstrument,Active,T+1,USD,USD,DDD368788821E9E32967,Actual360,USNY,,,1000,1000,12000000000,Bloomberg,0.0425,2035-08-15,2030-08-15,6M,1,0
IBOR-GAGG-011,AGRICULTURAL DEVELOPMENT BANK OF C,CNY,0.028300000000000002,16/Jun/2033,Owned No Guarantee,China,Ch4859214759,AGRICULTURAL DEVELOPMENT BANK ,6M,Act360,AA,,,BBGB80585975,Senior Unsecured,Treasury/Sovereign,Fixed,Bullet,No,No,No,Full Faith and Credit,Sovereign,Green,General Purpose,CN,CN,Asia Pacific,Bond / Treasury/Sovereign / CNY,DBFNFR,Fixed Income,SimpleInstrument,Active,T+2,CNY,CNY,B805859756A77253E853,Actual360,CNSH,,,1000,1000,6000000000,ICE,0.028300000000000002,2033-06-16,2028-06-16,6M,1,0
IBOR-GAGG-012,EXPORT-IMPORT BANK OF CHINA,CNY,0.0287,06/Feb/2028,Owned No Guarantee,China,Ch5950454672,EXPORT-IMPORT BANK OF CHINA,6M,Act360,AA-,,,BBGA4944FC3F,Senior Unsecured,Treasury/Sovereign,Fixed,Bullet,No,No,No,Full Faith and Credit,Sovereign,Green,Social Projects,CN,CN,Asia Pacific,Bond / Treasury/Sovereign / CNY,DBFNFR,Fixed Income,SimpleInstrument,Active,T+2,CNY,CNY,A4944FC3F0AA6B976438,Actual360,CNSH,,,1000,1000,5000000000,Bloomberg,0.0287,2028-02-06,2023-02-06,6M,1,0
IBOR-GAGG-013,GERMANY (FEDERAL REPUBLIC OF) RegS,EUR,0.024,19/Oct/2028,Treasuries,Germany,Ge1385148513,GERMANY,1Y,Act365,A+,,,BBGEEBE4568E,Senior Unsecured,Treasury/Sovereign,Fixed,Bullet,No,No,No,Full Faith and Credit,Sovereign,None,General Purpose,DE,DE,Europe,Bond / Treasury/Sovereign / EUR,DBFNFR,Fixed Income,SimpleInstrument,Active,T+2,EUR,EUR,EEBE4568E6EC5EDE3F18,Actual365,DEFF,,,1000,1000,7000000000,Refinitiv,0.024,2028-10-19,2023-10-19,1Y,1,0
IBOR-GAGG-014,FHLMC 30YR UMBS,USD,0.025,01/Jan/2051,Agency Fixed Rate,United States,Un7413875981,FHLMC 30YR UMBS,6M,Act360,A,,,BBGAAEB442E5,Senior Unsecured,Treasury/Sovereign,Fixed,Bullet,No,No,No,Full Faith and Credit,Sovereign,None,Social Projects,US,US,North America,Bond / Treasury/Sovereign / USD,DBFNFR,Fixed Income,SimpleInstrument,Active,T+1,USD,USD,AAEB442E59663841F940,Actual360,USNY,,,1000,1000,22000000000,ICE,0.025,2051-01-01,2046-01-01,6M,1,0
IBOR-GAGG-015,JAPAN (GOVERNMENT OF) 10YR #361,JPY,0.001,20/Dec/2030,Treasuries,Japan,Ja9326588852,JAPAN,6M,Act365,BBB+,,,BBG526670352,Senior Unsecured,Treasury/Sovereign,Fixed,Bullet,No,No,No,Full Faith and Credit,Sovereign,Sustainability,General Purpose,JP,JP,Asia Pacific,Bond / Treasury/Sovereign / JPY,DBFNFR,Fixed Income,SimpleInstrument,Active,T+2,JPY,JPY,5266703529A0304DA679,Actual365,JPTO,,,1000,1000,13000000000,ICE,0.001,2030-12-20,2025-12-20,6M,1,0
IBOR-GAGG-016,JAPAN (GOVERNMENT OF) 10YR #355,JPY,0.001,20/Jun/2029,Treasuries,Japan,Ja9745314980,JAPAN,6M,Act365,BBB,,,BBG0180925BD,Senior Unsecured,Treasury/Sovereign,Fixed,Bullet,No,No,No,Full Faith and Credit,Sovereign,Sustainability,General Purpose,JP,JP,Asia Pacific,Bond / Treasury/Sovereign / JPY,DBFNFR,Fixed Income,SimpleInstrument,Active,T+2,JPY,JPY,0180925BD6AF91F48A70,Actual365,JPTO,,,1000,1000,31000000000,Bloomberg,0.001,2029-06-20,2024-06-20,6M,1,0
IBOR-GAGG-017,UMBS 30YR TBA(REG A),USD,0.025,13/May/2026,Agency Fixed Rate,United States,Un4591103234,UMBS 30YR TBA,6M,Act360,AAA,,,BBGD4D62F434,Senior Unsecured,Treasury/Sovereign,Fixed,Bullet,No,No,No,Full Faith and Credit,Sovereign,None,General Purpose,US,US,North America,Bond / Treasury/Sovereign / USD,DBFNFR,Fixed Income,SimpleInstrument,Active,T+1,USD,USD,D4D62F4349246770B794,Actual360,USNY,,,1000,1000,32000000000,Refinitiv,0.025,2026-05-13,2021-05-13,6M,1,0
IBOR-GAGG-018,FRANCE (REPUBLIC OF) RegS,EUR,0.0275,25/Feb/2029,Treasuries,France,Fr2287564235,FRANCE,1Y,Act365,AA+,,,BBG0CCBE4830,Senior Unsecured,Treasury/Sovereign,Fixed,Bullet,No,No,No,Full Faith and Credit,Sovereign,Sustainability,Green Projects,FR,FR,Europe,Bond / Treasury/Sovereign / EUR,DBFNFR,Fixed Income,SimpleInstrument,Active,T+2,EUR,EUR,0CCBE483071CCE818A69,Actual365,FRPA,,,1000,1000,8000000000,ICE,0.0275,2029-02-25,2024-02-25,1Y,1,0
IBOR-GAGG-019,JAPAN (GOVERNMENT OF) 10YR #348,JPY,0.001,20/Sept/2027,Treasuries,Japan,Ja8133453159,JAPAN,6M,Act365,AA,,,BBG265B655A6,Senior Unsecured,Treasury/Sovereign,Fixed,Bullet,No,No,No,Full Faith and Credit,Sovereign,None,General Purpose,JP,JP,Asia Pacific,Bond / Treasury/Sovereign / JPY,DBFNFR,Fixed Income,SimpleInstrument,Active,T+2,JPY,JPY,265B655A69B55B6E6161,Actual365,JPTO,,,1000,1000,26000000000,Bloomberg,0.001,2030-01-01,2025-01-01,6M,1,0
IBOR-GAGG-020,UK CONV GILT RegS,GBP,0.041299999999999996,22/Jul/2029,Treasuries,United Kingdom,Un8312330816,UK CONV GILT RegS,6M,ActAct,AA-,,,BBG8973DDBE1,Senior Unsecured,Treasury/Sovereign,Fixed,Bullet,No,No,No,Full Faith and Credit,Sovereign,Green,General Purpose,GB,GB,Europe,Bond / Treasury/Sovereign / GBP,DBFNFR,Fixed Income,SimpleInstrument,Active,T+2,GBP,GBP,8973DDBE1D40C60DDC34,ActualActual,GBLO,,,1000,1000,39000000000,Refinitiv,0.041299999999999996,2029-07-22,2024-07-22,6M,1,0
IBOR-GAGG-021,JAPAN (GOVERNMENT OF) 10YR #362,JPY,0.001,20/Mar/2031,Treasuries,Japan,Ja7200015945,JAPAN,6M,Act365,A+,,,BBGFFC798DD9,Senior Unsecured,Treasury/Sovereign,Fixed,Bullet,No,No,No,Full Faith and Credit,Sovereign,Green,Green Projects,JP,JP,Asia Pacific,Bond / Treasury/Sovereign / JPY,DBFNFR,Fixed Income,SimpleInstrument,Active,T+2,JPY,JPY,FFC798DD9DC1743C6533,Actual365,JPTO,,,1000,1000,22000000000,Refinitiv,0.001,2031-03-20,2026-03-20,6M,1,0
IBOR-GAGG-022,JAPAN (GOVERNMENT OF) 10YR #369,JPY,0.005,20/Dec/2032,Treasuries,Japan,Ja5200301799,JAPAN,6M,Act365,A,,,BBG32A142DFE,Senior Unsecured,Treasury/Sovereign,Fixed,Bullet,No,No,No,Full Faith and Credit,Sovereign,Green,General Purpose,JP,JP,Asia Pacific,Bond / Treasury/Sovereign / JPY,DBFNFR,Fixed Income,SimpleInstrument,Active,T+2,JPY,JPY,32A142DFED66A7CBC766,Actual365,JPTO,,,1000,1000,40000000000,Bloomberg,0.005,2032-12-20,2027-12-20,6M,1,0
IBOR-GAGG-023,JAPAN (GOVERNMENT OF) 5YR #154,JPY,0.001,20/Sept/2027,Treasuries,Japan,Ja8631971919,JAPAN,6M,Act365,BBB+,,,BBG4CA82E778,Senior Unsecured,Treasury/Sovereign,Fixed,Bullet,No,No,No,Full Faith and Credit,Sovereign,None,Social Projects,JP,JP,Asia Pacific,Bond / Treasury/Sovereign / JPY,DBFNFR,Fixed Income,SimpleInstrument,Active,T+2,JPY,JPY,4CA82E778E90FE8A9779,Actual365,JPTO,,,1000,1000,5000000000,Bloomberg,0.001,2030-01-01,2025-01-01,6M,1,0
IBOR-GAGG-024,AUSTRALIA (COMMONWEALTH OF) RegS,AUD,0.0275,21/Nov/2027,Treasuries,Australia,Au2829055740,AUSTRALIA,6M,ActAct,BBB,,,BBG38211DCF4,Senior Unsecured,Treasury/Sovereign,Fixed,Bullet,No,No,No,Full Faith and Credit,Sovereign,Green,General Purpose,AU,AU,Asia Pacific,Bond / Treasury/Sovereign / AUD,DBFNFR,Fixed Income,SimpleInstrument,Active,T+2,AUD,AUD,38211DCF4CDABCEC8062,ActualActual,AUSY,,,1000,1000,36000000000,Refinitiv,0.0275,2027-11-21,2022-11-21,6M,1,0
IBOR-GAGG-025,GNMA2 30YR 2024 PRODUCTION,USD,0.05,20/Dec/2054,Agency Fixed Rate,United States,Un1814789144,GNMA2 30YR 2024 PRODUCTION,6M,Act360,AAA,,,BBGE4491AE0E,Senior Unsecured,Treasury/Sovereign,Fixed,Bullet,No,No,No,Full Faith and Credit,Sovereign,Green,Green Projects,US,US,North America,Bond / Treasury/Sovereign / USD,DBFNFR,Fixed Income,SimpleInstrument,Active,T+1,USD,USD,E4491AE0EA87B6F89E17,Actual360,USNY,,,1000,1000,15000000000,Refinitiv,0.05,2054-12-20,2049-12-20,6M,1,0
